{
  "Time": 57007.0,
  "V1": -1.27124419171437,
  "V2": 2.46267526851135,
  "V3": -2.85139500331783,
  "V4": 2.3244800653478,
  "V5": -1.37224488981369,
  "V6": -0.948195686538643,
  "V7": -3.06523436172054,
  "V8": 1.16692694787211,
  "V9": -2.26877058844813,
  "V10": -4.88114292689057,
  "V11": 2.25514748870463,
  "V12": -4.68638689759229,
  "V13": 0.652374668512965,
  "V14": -6.17428834800643,
  "V15": 0.594379608016446,
  "V16": -4.84969238709652,
  "V17": -6.53652073527011,
  "V18": -3.11909388163881,
  "V19": 1.71549441975915,
  "V20": 0.560478075726644,
  "V21": 0.652941051330455,
  "V22": 0.0819309763507574,
  "V23": -0.221347831198339,
  "V24": -0.523582159233306,
  "V25": 0.224228161862968,
  "V26": 0.756334522703558,
  "V27": 0.632800477330469,
  "V28": 0.250187092757197,
  "Amount": 0.01
}